Id,Title,Location,ContractType,ContractTime,Company,Category,Salary per annum,SourceName,OpenDate,CloseDate
12612628,Engineering Systems Analyst,Dorking,not available,permanent,Gregory Martin International,Engineering Jobs,24996,cv-library.co.uk,20121103T000000,20121203T000000
12612830,Stress Engineer Glasgow,Glasgow,not available,permanent,Gregory Martin International,Engineering Jobs,30000,cv-library.co.uk,20130108T150000,20130408T150000
12612844,Modelling and simulation analyst,Hampshire,not available,permanent,Gregory Martin International,Engineering Jobs,30000,cv-library.co.uk,20130726T150000,20130924T150000
12613049,Engineering Systems Analyst / Mathematical Modeller,Surrey,not available,permanent,Gregory Martin International,Engineering Jobs,27504,cv-library.co.uk,20121214T000000,20130314T000000
"12613647,""Pioneer, Miser Engineering Systems Analyst"",Surrey,not available,permanent,Gregory Martin International,Engineering Jobs,24996,cv-library.co.uk,20131025T000000,20131224T000000"
19047429,Trainee Mortgage Advisor  East Midlands,East Midlands,not available,permanent,Brite Recruitment,Accounting & Finance Jobs,21000,cv-library.co.uk,20120724T000000,20120922T000000
"20199757,""PROJECT ENGINEER, PHARMACEUTICAL"",Witney,not available,permanent,MatchBox Recruiting Ltd,Healthcare & Nursing Jobs,37500,cv-library.co.uk,20130328T120000,20130427T120000"
20797143,Chef de Partie  Award Winning Restaurant  Excellent Tips,Derby,not available,not available,Chef Results,Hospitality & Catering Jobs,15996,caterer.com,20131027T000000,20131226T000000
22579462,Quality Engineer,Gateshead,not available,permanent,Asset Appointments,Engineering Jobs,21996,cv-library.co.uk,20130815T000000,20130914T000000
22933091,Chef de Partie  Award Winning Dining  Live In  Share of Tips,UK,not available,not available,Chef Results,Hospitality & Catering Jobs,18000,caterer.com,20120814T000000,20120828T000000
23528672,Senior Fatigue and Damage Tolerance Engineer,Avon,not available,permanent,Gregory Martin International,Engineering Jobs,39504,cv-library.co.uk,20131019T120000,20131118T120000
23529949,C I Design Engineer,Wolverhampton,not available,permanent,Rullion Engineering Ltd,Engineering Jobs,33504,cv-library.co.uk,20121211T120000,20130110T120000
23530231,Lead Engineers (Stress),UK,not available,permanent,Gregory Martin International,Engineering Jobs,39504,cv-library.co.uk,20121113T120000,20130211T120000
"24104334,""Relief Chef de Partie  Croydon, Surrey  Live in"",UK,not available,not available,Towngate Personnel,Hospitality & Catering Jobs,17280,caterer.com,20131029T000000,20131128T000000"
24835524,Senior Control and Instrumentation Engineer,Berkshire,not available,permanent,Gregory Martin International,Engineering Jobs,41496,cv-library.co.uk,20121214T000000,20130113T000000
24835548,Control and Instrumentation Engineer,Berkshire,not available,permanent,Gregory Martin International,Engineering Jobs,31500,cv-library.co.uk,20120709T120000,20120808T120000
24854800,Electrical / ICA Engineer,Surrey,not available,permanent,Gregory Martin International,Engineering Jobs,32496,cv-library.co.uk,20130205T000000,20130307T000000
25337172,Pastry Chef for **** red star **** rosette hotel  ****,North East England,not available,not available,Clear Selection,Hospitality & Catering Jobs,24000,caterer.com,20130610T000000,20130809T000000
25452606,CHEF DE PARTIE POSITION IN **** ROSETTE HOTEL NYORKS  ****k,North Yorkshire,not available,not available,Clear Selection,Hospitality & Catering Jobs,15996,caterer.com,20130825T000000,20130924T000000
"25452680,""Senior Sous Chef for **** rosette kitchen, up to ****"",North East England,not available,not available,Clear Selection,Hospitality & Catering Jobs,26004,caterer.com,20120101T120000,20120115T120000"
"25556432,""General Manager  Funky, Cool Restaurant Concept  London  ****k "",East Sheen,not available,not available,Bee Recruitment London Ltd,Hospitality & Catering Jobs,31500,caterer.com,20130926T120000,20131026T120000"
25892031,MICE Sales and Marketing Manager,Buckinghamshire,not available,not available,Chess Partnership,Hospitality & Catering Jobs,30000,caterer.com,20120825T120000,20121024T120000
27527047,C/C++ Developer,London,not available,permanent,Indigo 21 Ltd,IT Jobs,32496,cv-library.co.uk,20120519T150000,20120618T150000
27527050,Senior PHP Developer,Central London,not available,permanent,Indigo 21 Ltd,IT Jobs,45000,cv-library.co.uk,20120623T150000,20120822T150000
27527063,Senior Website Designer,York,not available,permanent,Indigo 21 Ltd,IT Jobs,24996,cv-library.co.uk,20130810T000000,20130909T000000
27527077,Business Development Manager,Newcastle Upon Tyne,not available,permanent,Asset Appointments,IT Jobs,21000,cv-library.co.uk,20120228T150000,20120428T150000
27739522,Welwyn Chef de Partie does it get any better than this? ****,UK,not available,not available,Clear Selection,Hospitality & Catering Jobs,18000,caterer.com,20130106T120000,20130307T120000
27740574,Pastry Chef AL**** ****AA Rosette Restaurant,UK,not available,not available,Clear Selection,Hospitality & Catering Jobs,18996,caterer.com,20120320T120000,20120403T120000
27754996,QA Engineer,Cambridge,not available,permanent,Indigo 21 Ltd,IT Jobs,30000,cv-library.co.uk,20130531T150000,20130730T150000
28059808,Documentation Engineer,Manchester,not available,contract,Rullion Engineering Ltd,Engineering Jobs,48000,cv-library.co.uk,20130818T120000,20130917T120000
29650985,Fine Dining Chefs for rosette restaurants  up to ****,UK,not available,not available,Clear Selection,Hospitality & Catering Jobs,24000,caterer.com,20131205T150000,20140104T150000
30192171,Web Developer,UK,not available,permanent,Indigo 21 Ltd,IT Jobs,35004,cv-library.co.uk,20130305T000000,20130504T000000
30292879,Software Engineer/Mathematical Modeller,Surrey,not available,permanent,Gregory Martin International,IT Jobs,30000,cv-library.co.uk,20130311T120000,20130510T120000
30502291,Software Engineer,Hampshire,not available,permanent,Gregory Martin International,IT Jobs,24996,cv-library.co.uk,20130224T150000,20130425T150000
31301427,Senior Mechanical Engineer Design and Substantiation,Berkshire,not available,permanent,Gregory Martin International,Engineering Jobs,50004,cv-library.co.uk,20120518T000000,20120816T000000
31559355,Field Sales Executive / Business Development  Wide format printing,Maidstone,not available,permanent,MatchBox Recruiting Ltd,Sales Jobs,39996,cv-library.co.uk,20130323T120000,20130621T120000
31559362,IT Telesales,Bradford,not available,permanent,Code Blue Recruitment,Sales Jobs,20004,cv-library.co.uk,20121214T120000,20130212T120000
31559397,FIELD SALES ENGINEER / SALES ACCOUNT MANAGER  PLASTICS,Burgess Hill,not available,permanent,MatchBox Recruiting Ltd,Sales Jobs,42504,cv-library.co.uk,20130707T000000,20131005T000000
31559481,Sales Negotiator  Birmingham,Birmingham,not available,permanent,Brite Recruitment,Sales Jobs,15504,cv-library.co.uk,20131105T150000,20131205T150000
31989124,Mechanical Engineer  Design and Substantiation,UK,not available,permanent,Gregory Martin International,Engineering Jobs,35004,cv-library.co.uk,20131018T120000,20131117T120000
31989135,Senior Manufacturing Engineer,Derbyshire,not available,permanent,Gregory Martin International,Engineering Jobs,42000,cv-library.co.uk,20130130T120000,20130301T120000
32211674,C / C++ SOFTWARE ENGINEERS (All levels),Cambridge,not available,permanent,Indigo 21 Ltd,IT Jobs,32496,cv-library.co.uk,20130530T150000,20130729T150000
32233421,Principle Mechanical Engineer,UK,not available,permanent,Rullion Engineering Ltd,Engineering Jobs,48504,cv-library.co.uk,20130816T120000,20131114T120000
32417995,Chef de Partie  Award Winning Fine Dining Restaurant  Straights,UK,not available,not available,Chef Results,Hospitality & Catering Jobs,20496,caterer.com,20131016T150000,20131030T150000
32621550,Chef De Partie up to ****  Tips Ipswich Outskirts,UK,not available,not available,Clear Selection,Hospitality & Catering Jobs,17004,caterer.com,20131125T120000,20131225T120000
"32621604,""FB Assistant  amazing Hotel, unique dining ****benefits"",Leicestershire,not available,not available,Clear Selection,Hospitality & Catering Jobs,12648,caterer.com,20121125T120000,20121225T120000"
32756284,Pastry Demi Chef de Partie  Luxury Award Winning Hotel  Free Live In,Surrey,not available,not available,Chef Results,Hospitality & Catering Jobs,15000,caterer.com,20131229T000000,20140128T000000
32966711,Senior Structural Integrity Engineer  Defence,Avon,not available,permanent,Gregory Martin International,Engineering Jobs,42000,cv-library.co.uk,20130802T120000,20130901T120000
33469049,IT Recruitment Consultant,UK,not available,permanent,Code Blue Recruitment,IT Jobs,24996,cv-library.co.uk,20130323T120000,20130621T120000
33891153,Responsible Mechancial Engineer,Wolverhampton,not available,permanent,Rullion Engineering Ltd,Engineering Jobs,42000,cv-library.co.uk,20130405T000000,20130604T000000
34061974,Senior Mechanical Engineer (Water),Avon,not available,permanent,Gregory Martin International,Engineering Jobs,36504,cv-library.co.uk,20120626T150000,20120726T150000
34479775,Credit Controller,The City,not available,permanent,,Accounting & Finance Jobs,24000,hays.co.uk,20120326T000000,20120425T000000
34558621,Chef De Partie Norfolk Live In up to ****  Tips,UK,not available,not available,Clear Selection,Hospitality & Catering Jobs,17496,caterer.com,20130803T150000,20131002T150000
34558721,Chef De Partie Burton On Trent Up to ****,Staffordshire,not available,not available,Clear Selection,Hospitality & Catering Jobs,17004,caterer.com,20130819T000000,20131018T000000
34558938,Pastry Chef/Baker  artisan bakery  Suffolk Coast,UK,not available,not available,Clear Selection,Hospitality & Catering Jobs,21000,caterer.com,20120416T150000,20120615T150000
34790490,Java Developer,UK,not available,permanent,,IT Jobs,33996,theitjobboard.co.uk,20120203T120000,20120304T120000
34858754,Chef De Partie or Strong Demi,Suffolk,not available,not available,Clear Selection,Hospitality & Catering Jobs,15996,jobs.catererandhotelkeeper.com,20131027T120000,20131126T120000
35152761,Plastic Extrusion Setter  Nights,Haywards Heath,not available,permanent,MatchBox Recruiting Ltd,Engineering Jobs,26496,cv-library.co.uk,20130512T150000,20130711T150000
35584733,Restaurant Manager  Suffolk,Suffolk,not available,not available,Clear Selection,Hospitality & Catering Jobs,21996,jobs.catererandhotelkeeper.com,20130409T150000,20130608T150000
"35740450,""Graduate Software Engineer  C, C++, Java, UML, OOD"",Hampshire,not available,permanent,Gregory Martin International,IT Jobs,22500,cv-library.co.uk,20130225T120000,20130426T120000"
36050971,Revenue Manager Luxury Resort Hotel & Spa  Livein Available,Jersey,not available,not available,Marshall Human Resources,Hospitality & Catering Jobs,26496,caterer.com,20120927T150000,20121027T150000
36757414,Primary Teachers,South Yorkshire,not available,contract,Vision for Education,Teaching Jobs,27600,cv-library.co.uk,20120127T000000,20120210T000000
37128991,Chef de Partie  Small Food Focused Hotel  All Fresh  Tips,Nottinghamshire,not available,not available,Chef Results,Hospitality & Catering Jobs,15000,caterer.com,20131203T120000,20140201T120000
37129908,Junior Sous Chef  Relaxed Country Pub  All Fresh Food  Tips,Northamptonshire,not available,not available,Chef Results,Hospitality & Catering Jobs,18000,caterer.com,20120331T120000,20120530T120000
37433988,Chef De Partie FREE LIVE IN quirky gastro restaurant,London,not available,not available,Clear Selection,Hospitality & Catering Jobs,15504,jobs.catererandhotelkeeper.com,20130808T150000,20131007T150000
37951211,Commis Chef  Milton Keynes **** package,Milton Keynes,not available,not available,Clear Selection,Hospitality & Catering Jobs,14004,caterer.com,20120117T150000,20120131T150000
38209887,Transaction Services Executive,Bristol,not available,permanent,,Accounting & Finance Jobs,37500,hays.co.uk,20120315T150000,20120514T150000
38209888,Audit Executive,Bristol,not available,permanent,,Accounting & Finance Jobs,33996,hays.co.uk,20120610T120000,20120908T120000
38209893,Audit Assistant Manager,Bristol,not available,permanent,,Accounting & Finance Jobs,35004,hays.co.uk,20120913T120000,20121112T120000
38223564,Commis Chef  Open Plan Kitchen  Brasserie Restaurant  Live In,Hertfordshire,not available,not available,Chef Results,Hospitality & Catering Jobs,14496,jobs.catererandhotelkeeper.com,20130103T120000,20130304T120000
38758190,Account Executive,Basingstoke,not available,permanent,,IT Jobs,18000,hays.co.uk,20120314T120000,20120612T120000
38909389,Chef de Partie  Fine Dining Restaurant  Stunning Venue  Good Tips,Derbyshire,not available,not available,Chef Results,Hospitality & Catering Jobs,16500,caterer.com,20120525T150000,20120608T150000
39000184,SENIOR ELECTRONICS ENGINEER  SWITCH MODE POWER SUPPLIES,Maidstone,not available,permanent,MatchBox Recruiting Ltd,Engineering Jobs,50004,cv-library.co.uk,20130618T150000,20130817T150000
39896292,Process Engineer,Warrington,not available,permanent,Rullion Engineering Ltd,Engineering Jobs,34500,cv-library.co.uk,20131102T120000,20131202T120000
40172096,Chef de Partie  Country House Hotel  Development Opportunities,West Yorkshire,not available,not available,Chef Results,Hospitality & Catering Jobs,17004,caterer.com,20130506T000000,20130705T000000
40317425,Chef de Partie  Charming Hotel  All Fresh Food  Tips  Live In,Leicestershire,not available,not available,Chef Results,Hospitality & Catering Jobs,16500,jobs.catererandhotelkeeper.com,20120212T120000,20120226T120000
40363795,TELESALES ACCOUNT MANAGER  TOP COMPANY,Bradford,not available,permanent,Code Blue Recruitment,Sales Jobs,20496,cv-library.co.uk,20130909T150000,20131009T150000
40379849,Butler/Room Service Manager  **** Star Deluxe Hotel  London,South East London,not available,not available,Regent Recruitment,Hospitality & Catering Jobs,39996,caterer.com,20120702T150000,20120801T150000
40880208,Compliance Manager,Salisbury,not available,permanent,,Accounting & Finance Jobs,37500,hays.co.uk,20121119T120000,20130118T120000
41406133,IT Support Technician,UK,not available,permanent,MatchBox Recruiting Ltd,IT Jobs,23496,cv-library.co.uk,20121210T150000,20130310T150000
41783094,Chef de Partie  High Volume Banqueting Department  All Fresh Food,UK,not available,not available,Chef Results,Hospitality & Catering Jobs,22500,caterer.com,20130220T150000,20130322T150000
41879934,Future Leaders Development Programme  Technology,UK,not available,permanent,,IT Jobs,36000,theitjobboard.co.uk,20120815T150000,20121014T150000
42264990,Chef de Partie  High Quality Hotel  Fresh International Cuisine,Hertfordshire,not available,not available,Chef Results,Hospitality & Catering Jobs,20496,jobs.catererandhotelkeeper.com,20130904T150000,20131004T150000
42265407,Assistant Manager  Restaurant  West End,London,not available,not available,Bee Recruitment London Ltd,Hospitality & Catering Jobs,23496,jobs.catererandhotelkeeper.com,20130213T150000,20130414T150000
42836168,Demi Chef de Partie  Stunning Hotel  Fine Dining Restaurant,North Yorkshire,not available,not available,Chef Results,Hospitality & Catering Jobs,14004,jobs.catererandhotelkeeper.com,20130626T000000,20130825T000000
43196787,Chef de Partie  High Volume Conference Centre  All Fresh Food,UK,not available,not available,Chef Results,Hospitality & Catering Jobs,20004,caterer.com,20120203T120000,20120304T120000
43197040,Demi Chef de Partie  Large Four Star Hotel  Various Dining Options,Leeds,not available,not available,Chef Results,Hospitality & Catering Jobs,15504,caterer.com,20120624T120000,20120823T120000
43611713,SALES ENGINEER  NORTH WEST,North West London,not available,permanent,OP,Sales Jobs,30996,cv-library.co.uk,20120914T120000,20121014T120000
"43611718,""SALES ENGINEER  MIDLANDS, CAMBRIDGESHIRE, NORTHANTS"",UK,not available,permanent,OP,Sales Jobs,30996,cv-library.co.uk,20120919T150000,20121218T150000"
43611799,SALES ENGINEER  NORTH YORKSHIRE,North Yorkshire,not available,permanent,OP,Sales Jobs,30996,cv-library.co.uk,20130408T150000,20130508T150000
43611886,PROPERTY BUYER / TELESALES,UK,not available,permanent,Serata Search  Ltd,Sales Jobs,20496,cv-library.co.uk,20130607T120000,20130806T120000
43654928,Chef de Partie  All Round Skills  Ambitious Restaurant  Tips,North Yorkshire,not available,not available,Chef Results,Hospitality & Catering Jobs,17004,caterer.com,20121029T120000,20121128T120000
44363005,Electrical / Mechanical Engineer,Poole,not available,permanent,Indigo 21 Ltd,Engineering Jobs,30000,cv-library.co.uk,20120901T000000,20121130T000000
44436407,Hospital Contracts Manager,Cumbria,not available,permanent,MatchBox Recruiting Ltd,Sales Jobs,47496,cv-library.co.uk,20130410T000000,20130709T000000
44452543,Sous Chef Straight Shifts Bury St Edmunds up to ****,UK,not available,not available,Clear Selection,Hospitality & Catering Jobs,23004,caterer.com,20131001T120000,20131031T120000
44925054,General Manager  Great Restaurant Group  West London,London,not available,not available,Bee Recruitment London Ltd,Hospitality & Catering Jobs,29004,jobs.catererandhotelkeeper.com,20121029T120000,20121128T120000
45057486,Manager,UK,not available,not available,Clear Selection,Hospitality & Catering Jobs,24996,caterer.com,20130527T150000,20130626T150000
45183937,Project Engineer,Newcastle Upon Tyne,not available,permanent,Asset Appointments,Engineering Jobs,21996,cv-library.co.uk,20130429T000000,20130628T000000
45576973,Chef De Partie Coastal Fresh Food Pub Suffolk,Suffolk,not available,not available,Clear Selection,Hospitality & Catering Jobs,16500,jobs.catererandhotelkeeper.com,20121121T000000,20130120T000000
46172673,Borer,Leeds,not available,permanent,The Works Uk Ltd,Engineering Jobs,24852,cv-library.co.uk,20121222T150000,20130220T150000
46172940,CNC Turner,Bradford,not available,permanent,The Works Uk Ltd,Engineering Jobs,22620,cv-library.co.uk,20130706T150000,20130904T150000
46172974,CNC Programmer,Huddersfield,not available,permanent,The Works Uk Ltd,Engineering Jobs,24000,cv-library.co.uk,20121227T120000,20130126T120000
46172991,CNC Setter Operator,Rotherham,not available,permanent,The Works Uk Ltd,Engineering Jobs,20004,cv-library.co.uk,20121207T150000,20130307T150000
46352406,Personal Tax Advisor,West Sussex,not available,permanent,Indigo 21 Ltd,Accounting & Finance Jobs,32496,cv-library.co.uk,20131001T120000,20131031T120000
46541847,Chef de Partie  Accredited Boutique Hotel  Share of Tips,UK,not available,not available,Chef Results,Hospitality & Catering Jobs,15996,caterer.com,20120517T000000,20120531T000000
46626508,Support Worker Job Chepstow,UK,full_time,not available,,Healthcare & Nursing Jobs,12348,careworx.co.uk,20130407T000000,20130507T000000
46626509,Support Worker Job Abergavenny,UK,full_time,not available,,Healthcare & Nursing Jobs,14256,careworx.co.uk,20130614T000000,20130912T000000
46626511,Staff Nurse Job Berkshire,Berkshire,full_time,not available,,Healthcare & Nursing Jobs,22560,careworx.co.uk,20121020T120000,20121119T120000
46626514,Pharmacy Technician Job Norwich,Norwich,full_time,not available,,Healthcare & Nursing Jobs,18000,careworx.co.uk,20120819T150000,20120918T150000
46626520,Support Worker Job Cardiff,Cardiff,full_time,not available,,Healthcare & Nursing Jobs,12552,careworx.co.uk,20130608T150000,20130906T150000
46626537,RGN Registered Nurse Job Southampton,UK,full_time,not available,,Healthcare & Nursing Jobs,23040,careworx.co.uk,20130824T120000,20131122T120000
46626546,RGN Nurse Job Bury St Edmunds,Bury St. Edmunds,full_time,not available,,Healthcare & Nursing Jobs,23808,careworx.co.uk,20120312T150000,20120511T150000
46626547,Scrub Nurse Job Braintree,Braintree,full_time,not available,,Healthcare & Nursing Jobs,30000,careworx.co.uk,20130419T120000,20130718T120000
46626549,Healthcare Assistant Job Nottingham,Nottingham,full_time,not available,,Healthcare & Nursing Jobs,18000,careworx.co.uk,20120723T150000,20120822T150000
46626555,Consultant Clinical Psychologist Job Norwich,Norwich,full_time,not available,,Healthcare & Nursing Jobs,50004,careworx.co.uk,20120314T000000,20120413T000000
46626557,Operating Department Practitioner ODP Jobs Nottingham,Nottingham,full_time,not available,,Healthcare & Nursing Jobs,26004,careworx.co.uk,20121016T000000,20121115T000000
46626559,RGN Prison Nurse Job Staffordshire,Staffordshire,full_time,not available,,Healthcare & Nursing Jobs,27504,careworx.co.uk,20120719T150000,20121017T150000
46626566,Clinical Research Nurse Job Nottingham,Nottingham,full_time,not available,,Healthcare & Nursing Jobs,30000,careworx.co.uk,20130802T000000,20131001T000000
46626571,RGN Registered Nurse Job Durham,UK,full_time,not available,,Healthcare & Nursing Jobs,27000,careworx.co.uk,20120407T120000,20120507T120000
46626573,Prison Nurse Practitioner Jobs Nottinghamshire,Nottinghamshire,full_time,not available,,Healthcare & Nursing Jobs,39996,careworx.co.uk,20130420T150000,20130619T150000
46626574,Care Assistants and Support Workers Job Glasgow,Glasgow,full_time,not available,,Healthcare & Nursing Jobs,25920,careworx.co.uk,20130929T150000,20131128T150000
46626799,Saturday only Night Nurse Job Winchester,Winchester,part_time,not available,,Healthcare & Nursing Jobs,25272,careworx.co.uk,20120114T000000,20120314T000000
46626802,Nursing Home Staff Nurse Job Surrey,Surey,full_time,not available,,Healthcare & Nursing Jobs,23040,careworx.co.uk,20130512T120000,20130810T120000
46626826,Substance Misuse Nurse Kent,Kent,full_time,not available,,Healthcare & Nursing Jobs,30504,careworx.co.uk,20131122T000000,20140121T000000
46626831,Registered Mental Health Nurse (RMN) Durham,Durham,part_time,not available,,Healthcare & Nursing Jobs,29760,careworx.co.uk,20131027T150000,20131110T150000
46626832,Registered Mental Health Nurse (RMN) Sunderland,Sunderland,part_time,not available,,Healthcare & Nursing Jobs,29760,careworx.co.uk,20130701T120000,20130830T120000
46626833,Registered General Nurse (RGN) Sunderland,Sunderland,part_time,not available,,Healthcare & Nursing Jobs,28800,careworx.co.uk,20130424T000000,20130508T000000
46626838,Senior Care Assistant North Tyneside,UK,not available,not available,,Healthcare & Nursing Jobs,14880,careworx.co.uk,20131021T000000,20131104T000000
46626844,RGN Registered Nurse Job Buckinghamshire,Buckinghamshire,full_time,not available,,Healthcare & Nursing Jobs,22560,careworx.co.uk,20120929T150000,20121128T150000
46626848,RGN Registered Nurse Kent,Kent,full_time,not available,,Healthcare & Nursing Jobs,22080,careworx.co.uk,20120531T120000,20120730T120000
46626850,RGN Job Southampton,Southampton,full_time,not available,,Healthcare & Nursing Jobs,24000,careworx.co.uk,20120107T000000,20120307T000000
46626857,Care Assistant Job Hampshire,Hampshire,full_time,not available,,Healthcare & Nursing Jobs,11676,careworx.co.uk,20120831T000000,20121129T000000
46626858,Nurse jobs Essex and South East,Essex,full_time,not available,,Healthcare & Nursing Jobs,24000,careworx.co.uk,20130609T150000,20130709T150000
46626860,Registered Home Manager Job Bournemouth,Bournemouth,full_time,not available,,Healthcare & Nursing Jobs,30K,careworx.co.uk,20130329T150000,20130528T150000
46626884,Nursing Home Manager Job Manchester,Manchester,full_time,not available,,Healthcare & Nursing Jobs,32496,careworx.co.uk,20120429T000000,20120728T000000
46626893,Deputy Nursing Home Manager Job Southampton,UK,full_time,not available,,Healthcare & Nursing Jobs,25440,careworx.co.uk,20120730T120000,20120829T120000
46626903,RMN Prison Nurse Job Middlesex,UK,full_time,not available,,Healthcare & Nursing Jobs,30000,careworx.co.uk,20130204T000000,20130405T000000
46626907,Substance Misuse Nurse Job London,West London,full_time,not available,,Healthcare & Nursing Jobs,30000,careworx.co.uk,20121215T150000,20130315T150000
46626915,RGN Registered Nurse Job Boston,Boston,full_time,not available,,Healthcare & Nursing Jobs,21120,careworx.co.uk,20120205T150000,20120505T150000
46626925,Prison Nurse Job Leicester,Leicester,full_time,not available,,Healthcare & Nursing Jobs,27996,careworx.co.uk,20130117T000000,20130417T000000
46626927,IDTS Nurse Job Norwich,Norwich,full_time,not available,,Healthcare & Nursing Jobs,32004,careworx.co.uk,20121021T150000,20130119T150000
46626933,RGN Prison Nurse Job Hull,Hull,full_time,not available,,Healthcare & Nursing Jobs,27000,careworx.co.uk,20121030T150000,20130128T150000
46626938,Secure Unit Nurse Job Shrewsbury,Shrewsbury,full_time,not available,,Healthcare & Nursing Jobs,26496,careworx.co.uk,20131026T000000,20140124T000000
46626945,Prison RMN Nurse Job Rugby,Rugby,full_time,not available,,Healthcare & Nursing Jobs,27000,careworx.co.uk,20130906T150000,20131105T150000
46626994,Elderly Care Nurses urgently required,Scotland,not available,not available,,Healthcare & Nursing Jobs,33600,careworx.co.uk,20120908T000000,20120922T000000
46627024,Social Worker Job Essex,Essex,full_time,not available,,Healthcare & Nursing Jobs,29496,careworx.co.uk,20130526T000000,20130725T000000
46627076,Pharmacy Manager Job Gainsborough,Gainsborough,full_time,not available,,Healthcare & Nursing Jobs,42504,careworx.co.uk,20120808T000000,20121007T000000
46627077,Pharmacy Manager Job Aberystwyth,UK,full_time,not available,,Healthcare & Nursing Jobs,42504,careworx.co.uk,20131015T000000,20131114T000000
46627102,Home Healthcare Assistant Job Aberdeen,Aberdeen,part_time,not available,,Healthcare & Nursing Jobs,14880,careworx.co.uk,20130403T120000,20130417T120000
46627111,Family Support Worker Job Buckinghamshire,Buckinghamshire,part_time,not available,,Healthcare & Nursing Jobs,20160,careworx.co.uk,20131213T150000,20140112T150000
46627113,Family Support Worker Job Oxfordshire,Oxfordshire,part_time,not available,,Healthcare & Nursing Jobs,20160,careworx.co.uk,20120218T000000,20120319T000000
46627116,Residential Support Worker Job Surrey,Surrey,part_time,not available,,Healthcare & Nursing Jobs,16320,careworx.co.uk,20130702T000000,20130831T000000
46627117,Residential Support Worker Job Buckinghamshire,UK,part_time,not available,,Healthcare & Nursing Jobs,21120,careworx.co.uk,20120106T150000,20120306T150000
46627118,Maths Teacher Job Harlow,Harlow,full_time,not available,,Healthcare & Nursing Jobs,26496,careworx.co.uk,20130114T000000,20130315T000000
46627119,Qualified Social Worker Job London,North London,full_time,not available,,Healthcare & Nursing Jobs,48000,careworx.co.uk,20121223T150000,20130221T150000
46627121,Social Work Senior Practitioner Job London,West London,not available,not available,,Healthcare & Nursing Jobs,48000,careworx.co.uk,20130511T000000,20130610T000000
46627124,Senior Social Worker Job London,London,full_time,not available,,Healthcare & Nursing Jobs,48000,careworx.co.uk,20120926T120000,20121125T120000
46627143,Care Coordinator Job Woking,Woking,full_time,not available,,Healthcare & Nursing Jobs,18996,careworx.co.uk,20120709T000000,20120808T000000
46627144,Community Support Worker Job Woking,Woking,part_time,not available,,Healthcare & Nursing Jobs,18240,careworx.co.uk,20121111T000000,20121125T000000
46627188,Nurse Job Dundee,UK,full_time,not available,,Healthcare & Nursing Jobs,22080,careworx.co.uk,20120216T000000,20120416T000000
46627235,Care Assistant Jobs Deeside,UK,not available,not available,,Healthcare & Nursing Jobs,40320,careworx.co.uk,20130528T120000,20130611T120000
46627236,RGN/ RMN Registered Nurse Jobs Deeside,UK,not available,not available,,Healthcare & Nursing Jobs,33600,careworx.co.uk,20121126T120000,20121210T120000
46627237,Care Assistant Jobs Dundee,Dundee,not available,not available,,Healthcare & Nursing Jobs,13440,careworx.co.uk,20120327T150000,20120410T150000
46627239,RGN / RMN Registered Nurse Jobs Dundee,Dundee,not available,not available,,Healthcare & Nursing Jobs,44640,careworx.co.uk,20120531T150000,20120630T150000
46627240,RGN/RMN Registered Nurse Jobs Fife,Fife,not available,not available,,Healthcare & Nursing Jobs,33600,careworx.co.uk,20131123T150000,20140122T150000
46627242,Support Worker Jobs Fife,Fife,not available,not available,,Healthcare & Nursing Jobs,13440,careworx.co.uk,20120416T150000,20120615T150000
46627243,Care Assistant Jobs Aberdeen,Aberdeen,not available,not available,,Healthcare & Nursing Jobs,18720,careworx.co.uk,20121003T150000,20121202T150000
46627244,Care Assistant Jobs Inverness,Inverness,not available,not available,,Healthcare & Nursing Jobs,13440,careworx.co.uk,20120420T150000,20120520T150000
46627246,RGN/ RMN Registered Nurse Jobs Inverness,Inverness,not available,not available,,Healthcare & Nursing Jobs,33600,careworx.co.uk,20131219T000000,20140102T000000
46627258,Registered Nurse Oxford,Oxford,full_time,not available,,Healthcare & Nursing Jobs,27204,careworx.co.uk,20121023T120000,20130121T120000
46627260,Care Assistant Dartmoor,UK,part_time,not available,,Healthcare & Nursing Jobs,11856,careworx.co.uk,20131003T000000,20131017T000000
46627263,Care Assistant Frome,Frome,part_time,not available,,Healthcare & Nursing Jobs,11856,careworx.co.uk,20131101T000000,20131201T000000
46627266,Care Assistant Devon,Devon,part_time,not available,,Healthcare & Nursing Jobs,11856,careworx.co.uk,20121230T000000,20130228T000000
46627276,RNMH REGISTERED NURSE EXETER,Torquay,part_time,not available,,Healthcare & Nursing Jobs,23184,careworx.co.uk,20130504T000000,20130603T000000
46627278,RNLD JOB EXETER,Exeter,part_time,not available,,Healthcare & Nursing Jobs,23184,careworx.co.uk,20130321T000000,20130520T000000
46627290,Community Learning Disability Support Workers,Cambridge,part_time,not available,,Healthcare & Nursing Jobs,14208,careworx.co.uk,20120905T120000,20121104T120000
46627296,Support Worker Bristol,Bristol,part_time,not available,,Healthcare & Nursing Jobs,17052,careworx.co.uk,20131019T150000,20131102T150000
46627298,GP Liaison Woking Sales/Bus Dev,Woking,full_time,not available,,Healthcare & Nursing Jobs,26496,careworx.co.uk,20120126T150000,20120225T150000
46627302,Support Worker Aylesbury,Aylesbury,part_time,not available,,Healthcare & Nursing Jobs,17328,careworx.co.uk,20120706T150000,20120904T150000
46627323,Domiciliary Care Manager Job Sutton,Sutton Green,full_time,not available,,Healthcare & Nursing Jobs,27504,careworx.co.uk,20130907T000000,20131007T000000
46627325,Support Worker Job Bradford,Bradford,not available,not available,,Healthcare & Nursing Jobs,15444,careworx.co.uk,20130608T150000,20130708T150000
46627328,Support Worker Job Leeds,Leeds,not available,not available,,Healthcare & Nursing Jobs,15444,careworx.co.uk,20120218T000000,20120303T000000
46627361,Paediatric Staff Nurse Job London,London,full_time,not available,,Healthcare & Nursing Jobs,36000,careworx.co.uk,20130927T120000,20131226T120000
46627394,Clinic Nurse Job London,London,full_time,not available,,Healthcare & Nursing Jobs,26748,careworx.co.uk,20120613T150000,20120911T150000
46627397,Clinical Nurse Manager Job London,London,full_time,not available,,Healthcare & Nursing Jobs,34356,careworx.co.uk,20120112T150000,20120411T150000
46627399,Surgical Night Nurse Job London,London,full_time,not available,,Healthcare & Nursing Jobs,36852,careworx.co.uk,20120829T150000,20120928T150000
46627400,Nurse Advisor Job London,London,full_time,not available,,Healthcare & Nursing Jobs,27000,careworx.co.uk,20120418T000000,20120717T000000
46627403,Support Worker Job Preston,Preston,part_time,not available,,Healthcare & Nursing Jobs,15024,careworx.co.uk,20131209T120000,20140108T120000
46627404,Support Worker Job Southport,Southport,part_time,not available,,Healthcare & Nursing Jobs,15024,careworx.co.uk,20131020T120000,20131119T120000
46627406,Support Workers Solihull,UK,part_time,not available,,Healthcare & Nursing Jobs,17280,careworx.co.uk,20130223T000000,20130325T000000
46627407,Support Worker Job Chorley,UK,part_time,not available,,Healthcare & Nursing Jobs,15024,careworx.co.uk,20130811T000000,20130825T000000
46627470,Bank Staff Night Sitters Devon,Devon,not available,not available,,Healthcare & Nursing Jobs,11676,careworx.co.uk,20131225T120000,20140108T120000
46627487,Part Time Band 5 Pharmacy Technician Job Lancashire,Lancashire,part_time,not available,,Healthcare & Nursing Jobs,34560,careworx.co.uk,20131024T150000,20131107T150000
46627493,Support Worker Job Poole,Poole,part_time,not available,,Healthcare & Nursing Jobs,16800,careworx.co.uk,20130126T000000,20130327T000000
46627497,Nursery Assistant Job Slough,Slough,not available,not available,,Healthcare & Nursing Jobs,16320,careworx.co.uk,20130826T120000,20130925T120000
46627500,RGN Nurse Job Hertfordshire Outpatients,Hertfordshire,full_time,not available,,Healthcare & Nursing Jobs,25500,careworx.co.uk,20130801T150000,20130930T150000
46627501,Scrub Nurse Jobs Brighton Orthopaedics,Brighton,full_time,not available,,Healthcare & Nursing Jobs,26004,careworx.co.uk,20130304T120000,20130503T120000
46627503,RGN Job Berkshire,Berkshire,full_time,not available,,Healthcare & Nursing Jobs,25920,careworx.co.uk,20130806T000000,20130905T000000
46627510,Support Worker Job Harrowgate,UK,part_time,not available,,Healthcare & Nursing Jobs,15528,careworx.co.uk,20120101T150000,20120131T150000
46627513,Support Worker Job Skipton,Skipton,part_time,not available,,Healthcare & Nursing Jobs,15528,careworx.co.uk,20130105T120000,20130306T120000
46627514,Clinical Lead Job Middlesex,London,full_time,not available,,Healthcare & Nursing Jobs,32496,careworx.co.uk,20120217T120000,20120517T120000
46627516,Ward Manager Job East Sussex,East Sussex,full_time,not available,,Healthcare & Nursing Jobs,32004,careworx.co.uk,20131120T120000,20131220T120000
46627517,RMN Job London,London,full_time,not available,,Healthcare & Nursing Jobs,25920,careworx.co.uk,20121025T150000,20130123T150000
46627521,Support Worker Job Daventry,Daventry,part_time,not available,,Healthcare & Nursing Jobs,16320,careworx.co.uk,20120215T150000,20120229T150000
46627528,Support Worker Job Plymouth,UK,part_time,not available,,Healthcare & Nursing Jobs,16992,careworx.co.uk,20120403T000000,20120503T000000
46627529,Support Worker Job Newton Abbot,Newton Abbot,part_time,not available,,Healthcare & Nursing Jobs,15300,careworx.co.uk,20130829T150000,20131028T150000
46627538,RGN Unit Manager Job Cambridgeshire,Cambridgeshire,full_time,not available,,Healthcare & Nursing Jobs,37500,careworx.co.uk,20120127T000000,20120426T000000
46627559,Head of Care Residential Home in Manchester,Manchester,full_time,not available,,Healthcare & Nursing Jobs,24396,careworx.co.uk,20121225T150000,20130223T150000
46627562,Locum Podiatrist Job Liverpool,Liverpool,full_time,not available,,Healthcare & Nursing Jobs,48000,careworx.co.uk,20130608T000000,20130708T000000
46627598,Social Worker Jobs Cheshire,Cheshire,full_time,not available,,Healthcare & Nursing Jobs,48000,careworx.co.uk,20120420T000000,20120520T000000
46627608,Support Worker Childrens,Surrey,full_time,not available,,Healthcare & Nursing Jobs,24000,careworx.co.uk,20121027T150000,20121126T150000
46627609,Support Worker Job Hertfordshire,Hertfordshire,full_time,not available,,Healthcare & Nursing Jobs,24000,careworx.co.uk,20121009T120000,20121208T120000
46627612,Residential Support Worker Job Hertfordshire,Hertfordshire,part_time,not available,,Healthcare & Nursing Jobs,17280,careworx.co.uk,20121210T120000,20130208T120000
46627661,Paeds Support Worker Job Chorley,Chorley,part_time,not available,,Healthcare & Nursing Jobs,15528,careworx.co.uk,20120124T150000,20120324T150000
46627669,Paeds Support Worker Job Burnley,Burnley,part_time,not available,,Healthcare & Nursing Jobs,15528,careworx.co.uk,20130405T150000,20130505T150000
46627681,Support Worker Job Cleveland,Marton-In-Cleveland,part_time,not available,,Healthcare & Nursing Jobs,15360,careworx.co.uk,20130205T000000,20130406T000000
46627702,Health Care Assistant Job Brighton,Brighton,part_time,not available,,Healthcare & Nursing Jobs,14880,careworx.co.uk,20121007T150000,20121106T150000
46627728,Healthcare Assistant Job Chelmsford,Chelmsford,part_time,not available,,Healthcare & Nursing Jobs,13512,careworx.co.uk,20121224T000000,20130107T000000
46627737,Health Care Assistant Job Southend on Sea,Southend-On-Sea,part_time,not available,,Healthcare & Nursing Jobs,13440,careworx.co.uk,20130321T150000,20130404T150000
46627738,Health Care Assistant Job Brentwood,Brentwood,part_time,not available,,Healthcare & Nursing Jobs,13440,careworx.co.uk,20130407T000000,20130507T000000
46627740,RGN Job Chelmsford,Chelmsford,part_time,not available,,Healthcare & Nursing Jobs,24960,careworx.co.uk,20120331T000000,20120430T000000
46627774,Health Care Assistant Job Ipswich,Ipswich,part_time,not available,,Healthcare & Nursing Jobs,14472,careworx.co.uk,20130330T150000,20130413T150000
46627775,Health Care Assistant Job Colchester,Colchester,part_time,not available,,Healthcare & Nursing Jobs,14472,careworx.co.uk,20120402T120000,20120416T120000
46627779,Registered Nurse Job Colchester,Colchester,part_time,not available,,Healthcare & Nursing Jobs,36960,careworx.co.uk,20130807T150000,20130821T150000
46627781,Registered Nurse Job Clacton,Clacton-On-Sea,part_time,not available,,Healthcare & Nursing Jobs,36960,careworx.co.uk,20130929T150000,20131013T150000
46627785,RGN Job Ipswich,Ipswich,part_time,not available,,Healthcare & Nursing Jobs,36960,careworx.co.uk,20130815T000000,20130829T000000
46627788,Support Worker Job Ivybridge,UK,part_time,not available,,Healthcare & Nursing Jobs,15840,careworx.co.uk,20130728T150000,20130827T150000
46627790,Health Care Assistant Job Clacton,Clacton-On-Sea,part_time,not available,,Healthcare & Nursing Jobs,14472,careworx.co.uk,20130725T120000,20130923T120000
46627795,Registered Care Manager Job Edgware,London,full_time,not available,,Healthcare & Nursing Jobs,32004,careworx.co.uk,20130707T120000,20130905T120000
46627840,Agency Healthcare Assistants Ormskirk Burscough Skelmersdale Southport,Southport,not available,not available,,Healthcare & Nursing Jobs,13392,careworx.co.uk,20130731T150000,20130830T150000
46627844,Deputy Unit Manager Job Gateshead,Gateshead,full_time,not available,,Healthcare & Nursing Jobs,27504,careworx.co.uk,20120202T000000,20120502T000000
46627861,Support Worker Job Dorset,Poole,part_time,not available,,Healthcare & Nursing Jobs,15600,careworx.co.uk,20121221T150000,20130104T150000
46627890,Health Care Assistant Job Surrey,Surrey,not available,not available,,Healthcare & Nursing Jobs,23496,careworx.co.uk,20131121T150000,20131205T150000
46627892,Nurse Jobs Surrey,Surrey,not available,not available,,Healthcare & Nursing Jobs,42432,careworx.co.uk,20130221T120000,20130323T120000
46627899,Support Worker Jobs Aberdeen,Aberdeen,not available,not available,,Healthcare & Nursing Jobs,19200,careworx.co.uk,20120309T150000,20120508T150000
46627902,RGN Job Glasgow,Glasgow,not available,not available,,Healthcare & Nursing Jobs,44640,careworx.co.uk,20131011T000000,20131025T000000
46627903,RMN Job Edinburgh,Edinburgh,not available,not available,,Healthcare & Nursing Jobs,44640,careworx.co.uk,20130525T120000,20130608T120000
46627905,Nurse Jobs Inverness,Inverness,not available,not available,,Healthcare & Nursing Jobs,39840,careworx.co.uk,20120811T000000,20120910T000000
46627928,Care Home Manager Job North London ****K,London,full_time,not available,,Healthcare & Nursing Jobs,38K,careworx.co.uk,20121107T150000,20130205T150000
46627929,Home Care Assistant Jobs Watford,Watford,part_time,not available,,Healthcare & Nursing Jobs,16320,careworx.co.uk,20131105T150000,20131205T150000
46627930,Home Care Assistant Jobs Potters Bar,Potters Bar,part_time,not available,,Healthcare & Nursing Jobs,16320,careworx.co.uk,20121030T150000,20121113T150000
46627931,Home Care Assistant Jobs Borehamwood,Borehamwood,part_time,not available,,Healthcare & Nursing Jobs,16320,careworx.co.uk,20130719T000000,20130917T000000
46627932,Home Care Assistant Jobs Harrow,Harrow,part_time,not available,,Healthcare & Nursing Jobs,16320,careworx.co.uk,20120123T000000,20120206T000000
46627939,Support Worker Jobs Brent,Brent Cross,part_time,not available,,Healthcare & Nursing Jobs,16320,careworx.co.uk,20130516T120000,20130615T120000
"46627943,""Nurses, Care Assistants and Support Workers Jobs Aberdeen"",Aberdeen,not available,not available,,Healthcare & Nursing Jobs,39840,careworx.co.uk,20131102T120000,20140101T120000"
"46627952,""Domiciliary Care Field Supervisor Bexley, Kent"",Bexley,full_time,not available,,Healthcare & Nursing Jobs,18996,careworx.co.uk,20130612T120000,20130712T120000"
"46627973,""Nurses, Care Assistants and Support Workers Jobs Day in Edinburgh"",Edinburgh,not available,not available,,Healthcare & Nursing Jobs,39840,careworx.co.uk,20120221T150000,20120421T150000"
46627974,Band 7 Paediatric Occupational Therapist North London,London,full_time,not available,,Healthcare & Nursing Jobs,54720,careworx.co.uk,20120122T000000,20120322T000000
46627978,Support Worker Job Watford,Watford,part_time,not available,,Healthcare & Nursing Jobs,17280,careworx.co.uk,20120108T150000,20120207T150000
46627992,Care Assistant Job Hereford,Hereford,full_time,not available,,Healthcare & Nursing Jobs,12432,careworx.co.uk,20130821T120000,20130920T120000
46628008,Support Worker Job Newcastle,Newcastle Upon Tyne,part_time,not available,,Healthcare & Nursing Jobs,18240,careworx.co.uk,20131015T120000,20131214T120000
46628010,Support Worker Job Middlesbrough,Middlesbrough,part_time,not available,,Healthcare & Nursing Jobs,18240,careworx.co.uk,20120529T000000,20120728T000000
46628011,RGN / RNLD Community Nurse Job Northampton,Northampton,part_time,not available,,Healthcare & Nursing Jobs,45120,careworx.co.uk,20131116T150000,20131130T150000
46628037,Psychological Wellbeing Practitioner,Surrey,part_time,not available,,Healthcare & Nursing Jobs,36480,careworx.co.uk,20120106T000000,20120306T000000
"46628053,""Health Care Assistants Needed in Horsham, Surrey"",UK,not available,not available,,Healthcare & Nursing Jobs,20964,careworx.co.uk,20120119T000000,20120218T000000"
"46628055,""Health Care Assistants Needed for Nursing Homes in Eastbourne, Sussex"",Eastbourne,not available,not available,,Healthcare & Nursing Jobs,20964,careworx.co.uk,20130920T000000,20131020T000000"
"46628057,""Nurses needed for Acute Hospital in Redhill, Surrey"",Redhill,not available,not available,,Healthcare & Nursing Jobs,42432,careworx.co.uk,20120323T000000,20120522T000000"
"46628058,""Nurses needed for Hospitals in Haywards Heath, Sussex"",Haywards Heath,not available,not available,,Healthcare & Nursing Jobs,42432,careworx.co.uk,20131202T000000,20140101T000000"
"46628059,""PULSE Staffing are currently seeking Nurses to work in a Hospital setting, Sussex"",West Sussex,not available,not available,,Healthcare & Nursing Jobs,42432,careworx.co.uk,20131207T000000,20140205T000000"
"46628060,""Nursing Home Nurses in Horsham, Sussex"",Horsham,not available,not available,,Healthcare & Nursing Jobs,36480,careworx.co.uk,20121212T120000,20130111T120000"
46628061,Registered Nurses Needed For Nursing Homes in Eastbourne,Eastbourne,not available,not available,,Healthcare & Nursing Jobs,36480,careworx.co.uk,20131116T150000,20140115T150000
"46628062,""Nurses, Healthcare Assistants and Support Workers urgently required in Perth"",Perth,not available,not available,,Healthcare & Nursing Jobs,39840,careworx.co.uk,20130409T000000,20130423T000000"
46628063,RMN / RGN jobs in Aberdeen area,Aberdeen,not available,not available,,Healthcare & Nursing Jobs,44640,careworx.co.uk,20131226T150000,20140224T150000
46628068,Qualified High Intensity Therapist / CBT Therapist Job Kent,Kent,part_time,not available,,Healthcare & Nursing Jobs,48000,careworx.co.uk,20130228T120000,20130429T120000
46628082,Female Support Workers Torquay,Torquay,part_time,not available,,Healthcare & Nursing Jobs,16692,careworx.co.uk,20131018T120000,20131217T120000
46628086,Nurse RGN/RMN,UK,part_time,not available,,Healthcare & Nursing Jobs,47916,careworx.co.uk,20130810T120000,20130824T120000
46628090,Nurse RGN/RMN Jobs High Wycombe,High Wycombe,part_time,not available,,Healthcare & Nursing Jobs,47916,careworx.co.uk,20120626T120000,20120825T120000
46628092,Care Assistant High Wycombe,High Wycombe,part_time,not available,,Healthcare & Nursing Jobs,18240,careworx.co.uk,20120731T000000,20120814T000000
46628094,Health Care Assistant Jobs Oxford,Oxford,part_time,not available,,Healthcare & Nursing Jobs,18240,careworx.co.uk,20120203T120000,20120304T120000
46628099,Health Care Assistant Jobs Reading,Reeding,part_time,not available,,Healthcare & Nursing Jobs,18240,careworx.co.uk,20120116T150000,20120316T150000
46628136,Support Worker Job Coleshill,UK,part_time,not available,,Healthcare & Nursing Jobs,15552,careworx.co.uk,20120223T000000,20120423T000000
46628199,RGN Epsom,Epsom,full_time,not available,,Healthcare & Nursing Jobs,24996,careworx.co.uk,20130206T000000,20130407T000000
46628200,RGN / RMN Nights Epsom,Epsom,full_time,not available,,Healthcare & Nursing Jobs,24000,careworx.co.uk,20120413T000000,20120513T000000
46628201,Nursing Home Manager Crawley,Crawley,full_time,not available,,Healthcare & Nursing Jobs,36996,careworx.co.uk,20130410T150000,20130609T150000
46628212,Psychological Wellbeing Practitioner East Sussex,East Sussex,part_time,not available,,Healthcare & Nursing Jobs,34560,careworx.co.uk,20121121T000000,20130120T000000
46628213,Emergency Department Nurse Manager,UK,full_time,not available,,Healthcare & Nursing Jobs,56004,careworx.co.uk,20131124T120000,20140123T120000
46628215,Psychological Wellbeing Practitioner Kent,Maidstone,part_time,not available,,Healthcare & Nursing Jobs,34560,careworx.co.uk,20121025T120000,20121224T120000
46628217,Senior Home Care Support Worker Brent / Wembley areas,Brent Cross,part_time,not available,,Healthcare & Nursing Jobs,23040,careworx.co.uk,20130616T150000,20130716T150000
46628249,Dentist Cumbria,Kendal,full_time,not available,,Healthcare & Nursing Jobs,60000,careworx.co.uk,20120529T000000,20120827T000000
46628300,Prison RGN Job Scotland,Scotland,not available,not available,,Healthcare & Nursing Jobs,35520,careworx.co.uk,20121210T120000,20130208T120000
46628312,High Intensity Therapist (Hertfordshire),Hertfordshire,full_time,not available,,Healthcare & Nursing Jobs,48000,careworx.co.uk,20130805T120000,20130904T120000
46628340,Surgical Ward Nurse,Wolverhampton,full_time,not available,,Healthcare & Nursing Jobs,21996,careworx.co.uk,20130212T000000,20130513T000000
46628342,Support Worker Thetford,Thetford,part_time,not available,,Healthcare & Nursing Jobs,15360,careworx.co.uk,20130804T150000,20130818T150000
46628345,Support Worker Job Lowestoft,Lowestoft,part_time,not available,,Healthcare & Nursing Jobs,15360,careworx.co.uk,20121018T150000,20121117T150000
46628352,Home Care Worker Jobs Slough,Slough,part_time,not available,,Healthcare & Nursing Jobs,17280,careworx.co.uk,20121111T120000,20121125T120000
46628407,Home Care Worker Jobs High Wycombe,High Wycombe,part_time,not available,,Healthcare & Nursing Jobs,17280,careworx.co.uk,20121127T120000,20130126T120000
46628408,Home Care Worker Jobs Marlow,Marlow,part_time,not available,,Healthcare & Nursing Jobs,17280,careworx.co.uk,20120414T150000,20120428T150000
46628409,Home Care Worker Jobs Uxbridge,London,part_time,not available,,Healthcare & Nursing Jobs,17280,careworx.co.uk,20130410T120000,20130510T120000
46628410,Qualified Psychological Wellbeing Practitioners x **** (Nottinghamshire),Nottinghamshire,part_time,not available,,Healthcare & Nursing Jobs,31680,careworx.co.uk,20120528T120000,20120627T120000
46628411,Psychological Wellbeing Practitioner (North Lincolnshire),Lincolnshire,part_time,not available,,Healthcare & Nursing Jobs,36480,careworx.co.uk,20130525T150000,20130724T150000
46628412,High Intensity Therapists or CBT Therapists (Lancashire),Lancashire,full_time,not available,,Healthcare & Nursing Jobs,44160,careworx.co.uk,20120106T150000,20120306T150000
46628472,Registered Nurse (RGN) Guildford Nursing Home,Guildford,part_time,not available,,Healthcare & Nursing Jobs,36960,careworx.co.uk,20130715T000000,20130913T000000
46628562,Care Assistant Brighton,Brighton,part_time,not available,,Healthcare & Nursing Jobs,18240,careworx.co.uk,20130202T150000,20130304T150000
46628563,Care Assistant Worthing,Worthing,part_time,not available,,Healthcare & Nursing Jobs,18240,careworx.co.uk,20130531T150000,20130730T150000
46628621,Support Worker Witham,Witham,part_time,not available,,Healthcare & Nursing Jobs,12480,careworx.co.uk,20130510T000000,20130609T000000
46628622,Support Worker Jobs Billericay,UK,part_time,not available,,Healthcare & Nursing Jobs,12480,careworx.co.uk,20120618T120000,20120702T120000
46628623,Support Worker Jobs Basildon,Basildon,part_time,not available,,Healthcare & Nursing Jobs,12480,careworx.co.uk,20120723T000000,20120806T000000
46628625,Support Worker Jobs Chelmsford,Chelmsford,part_time,not available,,Healthcare & Nursing Jobs,17280,careworx.co.uk,20120329T150000,20120412T150000
46628641,Home Care Workers Three Rivers,Watford,part_time,not available,,Healthcare & Nursing Jobs,14016,careworx.co.uk,20120130T150000,20120213T150000
46628678,Support Worker Job Bolton,Bolton,part_time,not available,,Healthcare & Nursing Jobs,15360,careworx.co.uk,20130119T000000,20130320T000000
46628716,Care Workers needed In York,York,part_time,not available,,Healthcare & Nursing Jobs,14556,careworx.co.uk,20121016T000000,20121115T000000
46628717,Weekend Care Workers required in York,York,part_time,not available,,Healthcare & Nursing Jobs,16056,careworx.co.uk,20120703T120000,20120901T120000
46628733,Care Workers Weymouth,Weymouth,part_time,not available,,Healthcare & Nursing Jobs,17880,careworx.co.uk,20130706T000000,20130904T000000
46628740,Care Assistants Dorchester,Dorchester,part_time,not available,,Healthcare & Nursing Jobs,17880,careworx.co.uk,20130311T000000,20130325T000000
46628797,Dentist East Sussex,East Sussex,part_time,not available,,Healthcare & Nursing Jobs,27504,careworx.co.uk,20130802T120000,20131001T120000
46628805,Home Care Workers Berkhampsted,UK,part_time,not available,,Healthcare & Nursing Jobs,14K,careworx.co.uk,20120905T150000,20121104T150000
46628808,Care Assistant Job Hemel Hempstead,Hemel Hempstead,part_time,not available,,Healthcare & Nursing Jobs,16320,careworx.co.uk,20120701T120000,20120731T120000
46628809,Team Coordinator Job Luton,Luton,full_time,not available,,Healthcare & Nursing Jobs,24516,careworx.co.uk,20120429T000000,20120529T000000
46628810,Youth Justice Officer Job Luton,Luton,full_time,not available,,Healthcare & Nursing Jobs,30720,careworx.co.uk,20120730T120000,20120928T120000
46628812,Qualified Social Worker Job Suffolk (Adult and Community),Suffolk,full_time,not available,,Healthcare & Nursing Jobs,44160,careworx.co.uk,20130223T150000,20130424T150000
46628814,Qualified Social Worker (Fostering and Adoption),Bedford,full_time,not available,,Healthcare & Nursing Jobs,51840,careworx.co.uk,20130123T120000,20130324T120000
46628828,Staff Nurse (RGN) Doncaster ****K,Doncaster,full_time,not available,,Healthcare & Nursing Jobs,26496,careworx.co.uk,20130408T000000,20130607T000000
46628853,Nursing Home Manager Cheshire,Cheshire,full_time,not available,,Healthcare & Nursing Jobs,39000,careworx.co.uk,20130723T000000,20130921T000000
46628876,Care Home Manager Leeds,Leeds,full_time,not available,,Healthcare & Nursing Jobs,27000,careworx.co.uk,20120801T120000,20120831T120000
46628900,Support Worker Irvine,UK,part_time,not available,,Healthcare & Nursing Jobs,15360,careworx.co.uk,20130404T000000,20130504T000000
46628905,Paeds Support Workers,UK,part_time,not available,,Healthcare & Nursing Jobs,15456,careworx.co.uk,20130524T000000,20130723T000000
46628920,Paeds Support Workers Staffordshire,Staffordshire,part_time,not available,,Healthcare & Nursing Jobs,15528,careworx.co.uk,20130308T120000,20130407T120000
46628928,Support Worker Lancashire,South Lanarkshire,part_time,not available,,Healthcare & Nursing Jobs,15360,careworx.co.uk,20130503T000000,20130702T000000
46628956,Staff Nurse Job Rugby,Rugby,full_time,not available,,Healthcare & Nursing Jobs,23040,careworx.co.uk,20121211T120000,20130209T120000
46629008,Staff Nurse Fife,Fife,full_time,not available,,Healthcare & Nursing Jobs,22080,careworx.co.uk,20121214T150000,20130212T150000
46629009,Staff Nurse Aberdeenshire,Aberdeenshire,full_time,not available,,Healthcare & Nursing Jobs,22080,careworx.co.uk,20120820T120000,20120919T120000
46629033,Care Home Manager Job Aberdeenshire,Aberdeenshire,full_time,not available,,Healthcare & Nursing Jobs,39000,careworx.co.uk,20120214T000000,20120414T000000
46629053,RGN Job Wigan,Wigan,not available,not available,,Healthcare & Nursing Jobs,30528,careworx.co.uk,20130628T150000,20130827T150000
46629057,Deputy Manager Aberdeen Care Home,Aberdeen,full_time,not available,,Healthcare & Nursing Jobs,26880,careworx.co.uk,20130330T150000,20130628T150000
46629059,Care Worker / Care Assistant,Gloucester,part_time,not available,,Healthcare & Nursing Jobs,14880,careworx.co.uk,20121210T150000,20130208T150000
46629065,Registered Manager East Sussex Fostering Services,East Sussex,full_time,not available,,Healthcare & Nursing Jobs,45000,careworx.co.uk,20120108T120000,20120207T120000
46629067,Quality Manager  Nursing Homes Scotland ****K,Glasgow,full_time,not available,,Healthcare & Nursing Jobs,47496,careworx.co.uk,20120218T150000,20120418T150000
46629072,RMN Job Chipping Norton,Chipping Norton,full_time,not available,,Healthcare & Nursing Jobs,28500,careworx.co.uk,20130516T120000,20130615T120000
46629076,Care Worker Job Chipping Norton,Chipping Norton,part_time,not available,,Healthcare & Nursing Jobs,12552,careworx.co.uk,20130504T120000,20130518T120000
46629083,HEALTHCARE POSITIONS DUNDEE,Dundee,not available,not available,,Healthcare & Nursing Jobs,39840,careworx.co.uk,20120131T000000,20120331T000000
46629085,Support Worker Job Ayrshire,North Ayrshire,part_time,not available,,Healthcare & Nursing Jobs,15360,careworx.co.uk,20131231T000000,20140130T000000
46629101,Chef Job Gravesend,Gravesend,part_time,not available,,Healthcare & Nursing Jobs,12960,careworx.co.uk,20130526T150000,20130609T150000
46629102,Support Workers Bedfordshire,Bedfordshire,part_time,not available,,Healthcare & Nursing Jobs,17328,careworx.co.uk,20120614T150000,20120628T150000
46629109,Support Worker Job Swindon,Swindon,part_time,not available,,Healthcare & Nursing Jobs,15360,careworx.co.uk,20120729T120000,20120812T120000
46629163,Care Assistants Required in Aberdeen,Aberdeen,full_time,not available,,Healthcare & Nursing Jobs,11832,careworx.co.uk,20121202T150000,20130302T150000
46629217,Care Home Manager North Yorkshire,York,full_time,not available,,Healthcare & Nursing Jobs,42504,careworx.co.uk,20120502T120000,20120731T120000
46629269,Theatre Staff Anaesthetics and Recovery Nurse Shropshire,Shropshire,full_time,not available,,Healthcare & Nursing Jobs,25500,careworx.co.uk,20131017T120000,20131216T120000
46629271,Outpatients Staff Nurse Job Surrey,Surrey,full_time,not available,,Healthcare & Nursing Jobs,23256,careworx.co.uk,20121122T150000,20130121T150000
46629275,Research Nurses Oxford,Oxford,not available,not available,,Healthcare & Nursing Jobs,52800,careworx.co.uk,20130118T150000,20130201T150000
46629305,Registered Nurse RGN Job Illford,Ilford,part_time,not available,,Healthcare & Nursing Jobs,39360,careworx.co.uk,20131027T150000,20131226T150000
46629350,Deputy Home Manager Sheffield,Sheffield,full_time,not available,,Healthcare & Nursing Jobs,24000,careworx.co.uk,20130730T120000,20130928T120000
46629351,RGN Blackpool **** per hour,Blackpool,full_time,not available,,Healthcare & Nursing Jobs,24000,careworx.co.uk,20130812T000000,20131011T000000
46629361,Support Worker,UK,part_time,not available,,Healthcare & Nursing Jobs,15264,careworx.co.uk,20120609T000000,20120709T000000
46629368,Home Manager Inverness ****K,Inverness,full_time,not available,,Healthcare & Nursing Jobs,39000,careworx.co.uk,20131118T150000,20140216T150000
46629399,Support Worker Job Manchester,Manchester,part_time,not available,,Healthcare & Nursing Jobs,14544,careworx.co.uk,20120206T000000,20120307T000000
46629401,Paeds Support Workers Preston,Preston,part_time,not available,,Healthcare & Nursing Jobs,14760,careworx.co.uk,20120620T120000,20120720T120000
46629409,Support Worker / Care Assistant Melbourn,UK,part_time,not available,,Healthcare & Nursing Jobs,15960,careworx.co.uk,20120516T000000,20120715T000000
46629410,Support Worker / Care Assistant Ely,Ely,part_time,not available,,Healthcare & Nursing Jobs,17280,careworx.co.uk,20130411T150000,20130610T150000
46629482,Operations Manager West Yorkshire,Huddersfield,full_time,not available,,Healthcare & Nursing Jobs,31500,careworx.co.uk,20130322T150000,20130620T150000
46629484,Mental Health Pharmacist Band 7 Cheshire,Cheshire,full_time,not available,,Healthcare & Nursing Jobs,47040,careworx.co.uk,20130530T150000,20130729T150000
46629524,Senior Healthcare Assistants Aberdeen,Aberdeen,full_time,not available,,Healthcare & Nursing Jobs,23520,careworx.co.uk,20120726T000000,20120924T000000
46629628,Female Support Worker Job Colchester,Colchester,part_time,not available,,Healthcare & Nursing Jobs,13848,careworx.co.uk,20120915T000000,20120929T000000
46629629,Bank Support Worker Job Clacton,Clacton-On-Sea,not available,not available,,Healthcare & Nursing Jobs,13704,careworx.co.uk,20130406T150000,20130506T150000
46629640,Head of Care West Midlands,Coventry,full_time,not available,,Healthcare & Nursing Jobs,21504,careworx.co.uk,20131130T120000,20140129T120000
46629647,Acute Care Nurses Required Ayrshire,North Ayrshire,not available,not available,,Healthcare & Nursing Jobs,45120,careworx.co.uk,20131110T120000,20131124T120000
46629650,Acute Care Nurses required Stirling,Stirling,not available,not available,,Healthcare & Nursing Jobs,45120,careworx.co.uk,20130228T000000,20130314T000000
46629652,Acute Care Registered Nurses required Glasgow,Glasgow,not available,not available,,Healthcare & Nursing Jobs,45600,careworx.co.uk,20130529T120000,20130628T120000
46629736,Home Manager Stockport ****K,Stockport,full_time,not available,,Healthcare & Nursing Jobs,42996,careworx.co.uk,20120713T120000,20121011T120000
46629749,Home Manager Manchester,Manchester,full_time,not available,,Healthcare & Nursing Jobs,42504,careworx.co.uk,20120429T150000,20120728T150000
46629759,Care Worker Job Ruislip,UK,part_time,not available,,Healthcare & Nursing Jobs,16800,careworx.co.uk,20130423T150000,20130622T150000
46629814,RMN / RNLD Perth,Perth,full_time,not available,,Healthcare & Nursing Jobs,24000,careworx.co.uk,20130729T000000,20131027T000000
46629815,Clinical Lead (RGN) Eckington,UK,full_time,not available,,Healthcare & Nursing Jobs,24000,careworx.co.uk,20131210T000000,20140109T000000
46629827,Adult Support Worker Job Tunbridge Wells,Tunbridge Wells,part_time,not available,,Healthcare & Nursing Jobs,21120,careworx.co.uk,20131104T150000,20131204T150000
46629829,Adult Support Worker Job Dartford,Dartford,part_time,not available,,Healthcare & Nursing Jobs,19200,careworx.co.uk,20120905T150000,20121005T150000
46629831,Support Worker Job Tunbridge Wells,Tunbridge Wells,part_time,not available,,Healthcare & Nursing Jobs,20160,careworx.co.uk,20131007T150000,20131206T150000
46629866,Night health care assistantAylesbury,Aylesbury,not available,not available,,Healthcare & Nursing Jobs,19056,careworx.co.uk,20120824T000000,20120907T000000
46629867,Home Manager South Buckinghamshire,High Wycombe,full_time,not available,,Healthcare & Nursing Jobs,57504,careworx.co.uk,20120825T150000,20121024T150000
46630101,Relief Home Manager Scotland,Stirling,full_time,not available,,Healthcare & Nursing Jobs,37500,careworx.co.uk,20120202T000000,20120502T000000
46630111,RGN Manchester **** per hour,Manchester,full_time,not available,,Healthcare & Nursing Jobs,25920,careworx.co.uk,20120602T120000,20120801T120000
46630186,Care Worker Job Tunbridge Wells,Tunbridge Wells,part_time,not available,,Healthcare & Nursing Jobs,18240,careworx.co.uk,20120517T150000,20120616T150000
46630212,Theatre Manager Cheltenham,Cheltenham,full_time,not available,,Healthcare & Nursing Jobs,36996,careworx.co.uk,20130506T120000,20130804T120000
46630222,Home Manager South Yorkshire ****K,South Yorkshire,full_time,not available,,Healthcare & Nursing Jobs,42504,careworx.co.uk,20120816T120000,20120915T120000
46630233,Staff Nurse RGN (Nights) Scunthorpe,Scunthorpe,full_time,not available,,Healthcare & Nursing Jobs,19200,careworx.co.uk,20120705T150000,20120804T150000
46630234,Staff Nurse RGN Wigan,Wigan,full_time,not available,,Healthcare & Nursing Jobs,22080,careworx.co.uk,20130604T120000,20130803T120000
46630281,Support Worker Job Newport,Newport,full_time,not available,,Healthcare & Nursing Jobs,12348,careworx.co.uk,20131113T120000,20140211T120000
46630283,Support Worker Job Hereford,Hereford,full_time,not available,,Healthcare & Nursing Jobs,12348,careworx.co.uk,20121202T000000,20130302T000000
46630285,Support Worker Job Hay on Wye,UK,full_time,not available,,Healthcare & Nursing Jobs,14064,careworx.co.uk,20120204T120000,20120305T120000
"46630315,""Care Assistant Dunstable, Bedfordshire"",Dunstable,part_time,not available,,Healthcare & Nursing Jobs,15792,careworx.co.uk,20131216T150000,20131230T150000"
"46630318,""Support Worker Luton, Bedfordshire"",Luton,part_time,not available,,Healthcare & Nursing Jobs,19872,careworx.co.uk,20120327T120000,20120426T120000"
"46630322,""Support Worker Bedford, Bedfordshire"",Bedford,part_time,not available,,Healthcare & Nursing Jobs,17988,careworx.co.uk,20120313T120000,20120512T120000"
46630330,Support Worker Job Stroud,Stroud,part_time,not available,,Healthcare & Nursing Jobs,16044,careworx.co.uk,20121029T150000,20121112T150000
46630339,Nurse Practitioners Leeds Part time and Full Time,Leeds,part_time,not available,,Healthcare & Nursing Jobs,26004,careworx.co.uk,20121118T000000,20121202T000000
46630344,Clinical Lead Job Manchester (RGN Care Home Based),Manchester,full_time,not available,,Healthcare & Nursing Jobs,24996,careworx.co.uk,20121108T120000,20130206T120000
46630561,RGN/RMN Deputy Manager Job Manchester Dementia Care,Manchester,full_time,not available,,Healthcare & Nursing Jobs,31500,careworx.co.uk,20130829T150000,20130928T150000
46630611,RGN Job Nelson area,UK,part_time,not available,,Healthcare & Nursing Jobs,30528,careworx.co.uk,20120511T150000,20120710T150000
46630765,Learning Disabilities Proffesional Gravesend,Gravesend,part_time,not available,,Healthcare & Nursing Jobs,18240,careworx.co.uk,20120403T000000,20120503T000000
46630774,Support Worker Job Margate,Margate,part_time,not available,,Healthcare & Nursing Jobs,21120,careworx.co.uk,20131114T000000,20131128T000000
46630797,Support Workers in Dartford,Dartford,part_time,not available,,Healthcare & Nursing Jobs,20160,careworx.co.uk,20121113T150000,20130112T150000
46630799,Senior RMN / RGN Shropshire,Shrewsbury,full_time,not available,,Healthcare & Nursing Jobs,23280,careworx.co.uk,20120727T150000,20120925T150000
46630912,Staff Nurse (RGN),Henley-On-Thames,full_time,not available,,Healthcare & Nursing Jobs,23040,careworx.co.uk,20120527T150000,20120726T150000
46631005,Weekend Care Assistant Braintree,Braintree,part_time,not available,,Healthcare & Nursing Jobs,14880,careworx.co.uk,20121118T120000,20130117T120000
46631072,Adults Support Worker Canterbury LD,Canterbury,part_time,not available,,Healthcare & Nursing Jobs,21120,careworx.co.uk,20130126T120000,20130225T120000
"46631082,""Staff Nurse Workington, Cumbria"",Workington,full_time,not available,,Healthcare & Nursing Jobs,23040,careworx.co.uk,20120618T000000,20120916T000000"
46631100,RGN Deputy Home Manager Newcastle,Newcastle Upon Tyne,full_time,not available,,Healthcare & Nursing Jobs,25920,careworx.co.uk,20130726T000000,20131024T000000
46631126,RGN s F/T Bagshot,Bagshot,full_time,not available,,Healthcare & Nursing Jobs,27840,careworx.co.uk,20130619T120000,20130917T120000
46631127,RMN Job Guildford F/T,UK,full_time,not available,,Healthcare & Nursing Jobs,27840,careworx.co.uk,20120726T120000,20121024T120000
46631142,Senior Care Assistant Job Bagshot,Bagshot,full_time,not available,,Healthcare & Nursing Jobs,17280,careworx.co.uk,20130427T120000,20130527T120000
46631171,Home Manager Barnsley ****K,Barnsley,full_time,not available,,Healthcare & Nursing Jobs,45000,careworx.co.uk,20130111T150000,20130210T150000
46631182,General Manager Manchester ****k,Manchester,full_time,not available,,Healthcare & Nursing Jobs,54996,careworx.co.uk,20120330T150000,20120429T150000
46631266,Staff Nurse RGN (Nights),Corby,full_time,not available,,Healthcare & Nursing Jobs,23040,careworx.co.uk,20120327T000000,20120526T000000
46631309,RGNs for Doncaster,Doncaster,full_time,not available,,Healthcare & Nursing Jobs,24000,careworx.co.uk,20120919T150000,20121019T150000
46631334,Registered Manager Job Barnsley,Barnsley,full_time,not available,,Healthcare & Nursing Jobs,21000,careworx.co.uk,20130529T120000,20130628T120000
"46631341,""Registered Nurse, Warwick"",Rugby,full_time,not available,,Healthcare & Nursing Jobs,24996,careworx.co.uk,20120610T120000,20120809T120000"
46631375,Staff Nurse with Dementia Experience,Poole,full_time,not available,,Healthcare & Nursing Jobs,28500,careworx.co.uk,20120624T000000,20120724T000000
46631393,Night Nurse Darlington,UK,full_time,not available,,Healthcare & Nursing Jobs,24996,careworx.co.uk,20130508T150000,20130707T150000
46631405,Care Worker Job Cwmbran,Cwmbran,full_time,not available,,Healthcare & Nursing Jobs,12552,careworx.co.uk,20130404T150000,20130703T150000
46631407,Care Worker Job Barry,UK,full_time,not available,,Healthcare & Nursing Jobs,12552,careworx.co.uk,20120505T120000,20120803T120000
46631408,Care Worker Job Caerphilly,UK,full_time,not available,,Healthcare & Nursing Jobs,11880,careworx.co.uk,20130208T150000,20130310T150000
46631436,Clinical Manager Eastbourne,Eastbourne,full_time,not available,,Healthcare & Nursing Jobs,45996,careworx.co.uk,20130303T150000,20130601T150000
46631451,Elderly Care Home Manager Job Bromley,UK,full_time,not available,,Healthcare & Nursing Jobs,40500,careworx.co.uk,20120404T000000,20120703T000000
46631455,Dementia Care Home Manager Job Bournemouth,Bournemouth,full_time,not available,,Healthcare & Nursing Jobs,35496,careworx.co.uk,20131214T000000,20140212T000000
46631457,Dementia Care Home Manager Job Winchester,Winchester,full_time,not available,,Healthcare & Nursing Jobs,35496,careworx.co.uk,20120225T120000,20120425T120000
"46631467,""Nurse Home Manager Taunton, Somerset"",Taunton,full_time,not available,,Healthcare & Nursing Jobs,40500,careworx.co.uk,20130725T000000,20130824T000000"
46631471,RGN Nursing Home Manager,Tunbridge Wells,full_time,not available,,Healthcare & Nursing Jobs,55500,careworx.co.uk,20130220T150000,20130322T150000
46631474,Registered Nurses Nursing Home,Andover,full_time,not available,,Healthcare & Nursing Jobs,32496,careworx.co.uk,20120604T000000,20120704T000000
46631492,Care Operations Manager Learning Disabilities,West Midlands,full_time,not available,,Healthcare & Nursing Jobs,36504,careworx.co.uk,20130819T000000,20130918T000000
46631494,Unit Manager Staffordshire,Staffordshire,full_time,not available,,Healthcare & Nursing Jobs,30252,careworx.co.uk,20120915T150000,20121015T150000
46631503,RMN / RNLD Job Woking,Woking,full_time,not available,,Healthcare & Nursing Jobs,24504,careworx.co.uk,20130404T150000,20130603T150000
46631505,RMN / RNLD Job Sheffield,Sheffield,full_time,not available,,Healthcare & Nursing Jobs,24504,careworx.co.uk,20120319T150000,20120418T150000
46631507,Scrub Nurses needed for mobile theatres,UK,full_time,not available,,Healthcare & Nursing Jobs,29496,careworx.co.uk,20130119T120000,20130218T120000
46631534,Dual Qualified Nurse Job Chester RGN/RMN,Chester,full_time,not available,,Healthcare & Nursing Jobs,24096,careworx.co.uk,20121129T000000,20130128T000000
46631545,Lead Nurse Chronic Heart Failure and Diabetes,Watford,full_time,not available,,Healthcare & Nursing Jobs,39996,careworx.co.uk,20120609T150000,20120907T150000
46631562,Registered Nurse Gateshead,Gateshead,full_time,not available,,Healthcare & Nursing Jobs,24996,careworx.co.uk,20130428T120000,20130627T120000
46631583,Night Nurse Middlesbrough,Middlesbrough,full_time,not available,,Healthcare & Nursing Jobs,24000,careworx.co.uk,20131127T120000,20140126T120000
46631627,Nursing Home Manager large home in Liverpool,Liverpool,full_time,not available,,Healthcare & Nursing Jobs,42504,careworx.co.uk,20120817T120000,20121016T120000
46631712,Unit Manager Job Birmingham Elderly Nursing,Birmingham,full_time,not available,,Healthcare & Nursing Jobs,36504,careworx.co.uk,20120708T150000,20120807T150000
46631767,Sexual Health Clinic Nurse Job Ealing,Ealing,full_time,not available,,Healthcare & Nursing Jobs,33264,careworx.co.uk,20130529T000000,20130728T000000
46631775,Home Manager Job Solihull Dementia Specialist,Solihull,full_time,not available,,Healthcare & Nursing Jobs,41496,careworx.co.uk,20130728T000000,20130827T000000
46631786,RGN Haywards Heath,Haywards Heath,full_time,not available,,Healthcare & Nursing Jobs,24252,careworx.co.uk,20120213T120000,20120413T120000
46631791,RMN s Kent,Folkestone,full_time,not available,,Healthcare & Nursing Jobs,23496,careworx.co.uk,20130615T120000,20130913T120000
46631813,Assistant Nurse Manager Job Solihull Elderly Services,Solihull,full_time,not available,,Healthcare & Nursing Jobs,45996,careworx.co.uk,20120907T150000,20121007T150000
46631929,Operations Manager Nursing Homes,UK,full_time,not available,,Healthcare & Nursing Jobs,50004,careworx.co.uk,20130614T150000,20130813T150000
46631934,Night Nurse,UK,full_time,not available,,Healthcare & Nursing Jobs,26004,careworx.co.uk,20120709T150000,20120907T150000
46631972,Theatre Sister / Charge Nurse,London,full_time,not available,,Healthcare & Nursing Jobs,39996,careworx.co.uk,20120810T150000,20120909T150000
46631975,Care Home Manager,Norwich,full_time,not available,,Healthcare & Nursing Jobs,35004,careworx.co.uk,20130129T000000,20130330T000000
46632024,Deputy Care Manager Job Stockton on Tees,UK,full_time,not available,,Healthcare & Nursing Jobs,32496,careworx.co.uk,20120420T150000,20120520T150000
46632027,Home Manager Job Darlington,UK,full_time,not available,,Healthcare & Nursing Jobs,47496,careworx.co.uk,20130403T150000,20130702T150000
46632041,RGN Job Hemel Hempstead,Hemel Hempstead,full_time,not available,,Healthcare & Nursing Jobs,23040,careworx.co.uk,20120202T150000,20120502T150000
46632042,Night Sister / Charger Nurse Orthopaedics London,London,full_time,not available,,Healthcare & Nursing Jobs,41004,careworx.co.uk,20130422T000000,20130721T000000
46632047,Home Manager Rotherham,Rotherham,full_time,not available,,Healthcare & Nursing Jobs,37500,careworx.co.uk,20120215T000000,20120515T000000
46632064,Home Manager Large Home,West Bromwich,full_time,not available,,Healthcare & Nursing Jobs,39000,careworx.co.uk,20121104T150000,20121204T150000
46632067,Home Manager DURHAM,UK,full_time,not available,,Healthcare & Nursing Jobs,39996,careworx.co.uk,20120607T120000,20120707T120000
46632077,Home Care Worker / Support Worker Bowdon,UK,part_time,not available,,Healthcare & Nursing Jobs,14400,careworx.co.uk,20120918T120000,20121018T120000
46632097,General Manager nursing home,Cheshire,full_time,not available,,Healthcare & Nursing Jobs,54996,careworx.co.uk,20120828T000000,20121126T000000
46632140,Care Assistant Job Chichester,Chichester,part_time,not available,,Healthcare & Nursing Jobs,16848,careworx.co.uk,20130630T150000,20130714T150000
46632210,Registered Nurses HCA s Taunton,Taunton,part_time,not available,,Healthcare & Nursing Jobs,42240,careworx.co.uk,20121026T120000,20121125T120000
46632215,Ward Sister Job London Cardiology,London,full_time,not available,,Healthcare & Nursing Jobs,39000,careworx.co.uk,20130123T150000,20130423T150000
46632217,Staff Nurse Oxford ****/hour,Oxford,full_time,not available,,Healthcare & Nursing Jobs,28800,careworx.co.uk,20130516T120000,20130615T120000
46632246,RMN Secure Unit,Taunton,full_time,not available,,Healthcare & Nursing Jobs,24480,careworx.co.uk,20120131T150000,20120331T150000
46632252,Fertility Nurse / IVF Specialist,London,full_time,not available,,Healthcare & Nursing Jobs,30000,careworx.co.uk,20121025T120000,20121124T120000
46632287,RMN Job Northampton,Northampton,full_time,not available,,Healthcare & Nursing Jobs,21504,careworx.co.uk,20120103T150000,20120303T150000
46632292,RGN Job Bury,Bury,full_time,not available,,Healthcare & Nursing Jobs,24348,careworx.co.uk,20130927T150000,20131226T150000
46632294,Senior Nurse Job Manchester,Manchester,full_time,not available,,Healthcare & Nursing Jobs,26748,careworx.co.uk,20130619T120000,20130818T120000
46632297,Telephone Triage Nurse Job Watford,Watford,part_time,not available,,Healthcare & Nursing Jobs,30000,careworx.co.uk,20120829T150000,20121028T150000
46632299,Sexual Health Clinic Nurse Job Essex,Essex,full_time,not available,,Healthcare & Nursing Jobs,31500,careworx.co.uk,20130822T000000,20130921T000000
"46632388,""Home Manager, Sunderland"",Sunderland,full_time,not available,,Healthcare & Nursing Jobs,36504,careworx.co.uk,20120117T150000,20120416T150000"
46632393,Deputy Manager Job Shildon Nursing Home,UK,full_time,not available,,Healthcare & Nursing Jobs,26496,careworx.co.uk,20120503T150000,20120602T150000
46632446,Ward Manager,Kent,full_time,not available,,Healthcare & Nursing Jobs,39996,careworx.co.uk,20130514T150000,20130613T150000
46632448,Charge Nurse,Kent,full_time,not available,,Healthcare & Nursing Jobs,31500,careworx.co.uk,20120227T150000,20120527T150000
46632449,Senior Staff Nurse,Kent,full_time,not available,,Healthcare & Nursing Jobs,27504,careworx.co.uk,20130313T150000,20130412T150000
46632482,Registered Manager Hampshire,UK,full_time,not available,,Healthcare & Nursing Jobs,27996,careworx.co.uk,20121130T150000,20130129T150000
46632483,Home Manager Job Widnes Dementia Nursing,Widnes,full_time,not available,,Healthcare & Nursing Jobs,36996,careworx.co.uk,20130316T000000,20130614T000000
46632626,Registered Manager Job Middlesbrough Adult Services,Middlesbrough,full_time,not available,,Healthcare & Nursing Jobs,30000,careworx.co.uk,20130812T120000,20131110T120000
46632636,Support Worker Surrey,Surrey,part_time,not available,,Healthcare & Nursing Jobs,19200,careworx.co.uk,20120120T000000,20120203T000000
46632685,Support Workers Potters Bar Supported Living Services,Potters Bar,part_time,not available,,Healthcare & Nursing Jobs,15360,careworx.co.uk,20120127T120000,20120210T120000
46632686,Project Workers Potters Bar Supported Living Services,Potters Bar,part_time,not available,,Healthcare & Nursing Jobs,17280,careworx.co.uk,20120801T120000,20120930T120000
46632695,Senior Support Workers Ilford Mental Health Supported Living,Ilford,part_time,not available,,Healthcare & Nursing Jobs,18996,careworx.co.uk,20120621T150000,20120820T150000
46632731,Clinical Lead / Deputy Manager,UK,full_time,not available,,Healthcare & Nursing Jobs,37500,careworx.co.uk,20130621T000000,20130820T000000
46632734,Home Administrator,UK,full_time,not available,,Healthcare & Nursing Jobs,14004,careworx.co.uk,20120716T120000,20120914T120000
46632735,IDTS StaffNurse Band 5,Milton Keynes,full_time,not available,,Healthcare & Nursing Jobs,26496,careworx.co.uk,20121013T120000,20121212T120000
"46632774,""Nurse Taunton, Somerset"",Taunton,full_time,not available,,Healthcare & Nursing Jobs,24996,careworx.co.uk,20131020T000000,20140118T000000"
46632786,Deputy Manager Job Hereford Adult Services,Hereford,full_time,not available,,Healthcare & Nursing Jobs,24000,careworx.co.uk,20131215T120000,20140213T120000
46632787,Project Manager Job North West nursing homes,North West England,full_time,not available,,Healthcare & Nursing Jobs,42504,careworx.co.uk,20130221T000000,20130323T000000
46632791,RGN Staff Nurse Sevenoaks,Sevenoaks,full_time,not available,,Healthcare & Nursing Jobs,26808,careworx.co.uk,20130517T150000,20130815T150000
46632796,Staff Nurse Northumberland,Northumberland,full_time,not available,,Healthcare & Nursing Jobs,24996,careworx.co.uk,20130611T000000,20130810T000000
46632801,RGN Registered Manager Bournemouth,Bournemouth,full_time,not available,,Healthcare & Nursing Jobs,45996,careworx.co.uk,20121228T150000,20130226T150000
46632812,Night Nurse Kent,Ashford,full_time,not available,,Healthcare & Nursing Jobs,23748,careworx.co.uk,20130624T150000,20130922T150000
46632832,Sexual Health Clinic Nurse Job London,London,full_time,not available,,Healthcare & Nursing Jobs,33264,careworx.co.uk,20130512T150000,20130810T150000
46632833,Sexual Health Clinic Nurse Job West Sussex,West Sussex,part_time,not available,,Healthcare & Nursing Jobs,30264,careworx.co.uk,20130721T000000,20130820T000000
46632834,Sexual Health Nurse Job Liverpool,Liverpool,part_time,not available,,Healthcare & Nursing Jobs,30264,careworx.co.uk,20130516T150000,20130715T150000
46632860,RGN / RMN / RNLD Aberdeenshire,Aberdeenshire,full_time,not available,,Healthcare & Nursing Jobs,24960,careworx.co.uk,20130121T120000,20130421T120000
46632873,RGN Deputy Manager West Yorkshire,West Yorkshire,full_time,not available,,Healthcare & Nursing Jobs,25920,careworx.co.uk,20131216T120000,20140214T120000
46632875,Homecare Consultant South East London,Southwark,full_time,not available,,Healthcare & Nursing Jobs,21504,careworx.co.uk,20120601T150000,20120701T150000
46632888,Deputy Home Manager Job Sheffield Nursing Home,Sheffield,full_time,not available,,Healthcare & Nursing Jobs,26496,careworx.co.uk,20120828T120000,20121027T120000
46632900,Nurse Home Manager Berkshire,Slough,full_time,not available,,Healthcare & Nursing Jobs,50004,careworx.co.uk,20131106T000000,20131206T000000
46632903,Home Manager Oldham,Oldham,full_time,not available,,Healthcare & Nursing Jobs,39000,careworx.co.uk,20130610T000000,20130809T000000
46632961,Deputy Manager Job Bury Nursing Home,Bury,full_time,not available,,Healthcare & Nursing Jobs,26496,careworx.co.uk,20120915T150000,20121015T150000
"46633043,""Staff Nurse Edinburgh, Scotland"",Edinburgh,full_time,not available,,Healthcare & Nursing Jobs,27000,careworx.co.uk,20131019T120000,20131118T120000"
46633057,Deputy Nursing Home Manager Job Sheffield,Sheffield,full_time,not available,,Healthcare & Nursing Jobs,28500,careworx.co.uk,20130630T000000,20130928T000000
46633086,Residential Support Worker Job Solihull,Solihull,not available,not available,,Healthcare & Nursing Jobs,11880,careworx.co.uk,20130819T150000,20131018T150000
46633087,Residential Support Worker Job Telford,UK,full_time,not available,,Healthcare & Nursing Jobs,12576,careworx.co.uk,20131127T000000,20140126T000000
46633088,Nursing Home Manager Job Uckfield,Uckfield,full_time,not available,,Healthcare & Nursing Jobs,33996,careworx.co.uk,20130402T120000,20130601T120000
46633099,Orthopaedic Scrub Nurse Job Cambridge,Cambridge,full_time,not available,,Healthcare & Nursing Jobs,26004,careworx.co.uk,20130726T000000,20131024T000000
46633103,Care Assistant Woking,Woking,part_time,not available,,Healthcare & Nursing Jobs,15360,careworx.co.uk,20131222T150000,20140121T150000
46633185,Care Assistant Guildford,Guildford,part_time,not available,,Healthcare & Nursing Jobs,15360,careworx.co.uk,20120412T120000,20120611T120000
46633188,RGN Henley On Thames,Henley-On-Thames,full_time,not available,,Healthcare & Nursing Jobs,25404,careworx.co.uk,20120401T120000,20120630T120000
46633212,Nursing Home Manager (RGN) Stockport,UK,full_time,not available,,Healthcare & Nursing Jobs,47004,careworx.co.uk,20131124T150000,20131224T150000
46633254,Regional Manager Yorkshire,Leeds,full_time,not available,,Healthcare & Nursing Jobs,47496,careworx.co.uk,20131123T000000,20140122T000000
46633266,Ward Manager Job Peterborough,UK,full_time,not available,,Healthcare & Nursing Jobs,30996,careworx.co.uk,20130723T120000,20130822T120000